age,income,credit_score,num_accounts,account_age_years,savings,loan_amount,label
57,52246.03836297034,697,2,10.582697583968883,11572.523842692293,21370.611110182355,0
32,20000.0,738,6,9.501034995457259,0.0,8438.468241070048,1
38,20000.0,778,4,0.9800628928202938,8637.791419668572,14710.121572906517,1
38,21218.669636129125,516,1,8.664680249278915,2453.727166100637,57493.77943273287,1
18,20000.0,770,2,2.660742875043136,0.0,2022.741905017252,1
39,22711.880318964824,674,5,0.23671658611017615,0.0,33069.168351690925,0
56,29863.63341037355,770,2,4.340417593349506,0.0,4234.254537677009,1
25,70718.79646052174,777,3,4.603669729223581,5180.809739167851,49261.14887120786,1
60,27354.86272648219,850,2,5.099440960615957,6736.1779035649815,0.0,0
52,20000.0,836,1,9.88349081055889,7205.521416311602,14723.063353367575,0
33,90658.55939060969,835,5,2.992054502746046,21357.840780453684,36740.811538433496,0
42,20000.0,845,3,3.0678428654547703,0.0,12614.050886787674,0
69,33923.02443756217,727,3,0.505950972359757,6498.300385280765,12943.731473109905,1
56,51336.636378400726,701,2,9.403946558451187,3887.297511452953,18714.9211343241,0
45,41926.80098570437,787,5,6.795310364885296,5972.38404327672,31311.258685834655,0
41,87310.60647157666,772,2,3.4821808062672854,4673.544930659876,43657.82352555393,0
46,52721.70859883347,666,2,9.893507948784507,1652.7337881038093,43875.85572612955,0
37,20000.0,739,2,6.243489720649578,6895.6084921597685,28468.914299181888,1
18,212441.29761655055,694,0,5.130982712192161,22176.105310577757,61227.943218027416,0
76,41745.77134240084,610,3,5.800059256347565,8980.045923092332,19653.36899350152,1
47,31545.335557478025,829,5,8.19362188228811,967.9868125831676,4358.64447356745,1
51,78465.85546404887,703,2,8.738420307509877,1164.9842029634528,32268.75574955916,0
44,43675.8141384311,850,2,2.7622905511679527,0.0,6686.723470350731,0
33,49383.276733974155,532,4,1.2286698804294038,14377.31161017843,48315.629571677935,1
42,274742.8584025121,641,5,1.3798711773792838,28746.37618947073,111532.98396820266,0
20,28407.271463681114,701,4,8.261681619139306,3648.7176632436535,19841.357596711125,1
79,27431.192763911484,814,2,16.706824614647612,5645.516038270216,3166.8100875221553,1
26,39167.17802812404,738,2,4.266912660616306,0.0,30626.29725723341,1
29,85702.99634639247,729,2,1.5045881637437195,9175.440109891813,33835.831158475914,0
38,20000.0,583,2,11.445780837305735,5242.001941039845,33060.713807968015,1
64,20000.0,579,2,14.472343632276017,4295.912542584417,28966.772824381755,1
45,21994.890999839066,730,3,17.213545274992423,730.3493509587711,21606.216057559574,0
26,20000.0,558,5,7.56148628263807,4008.213611344142,24074.177843471698,1
64,25125.49370274896,643,3,15.96777656358561,2996.1723310384104,34980.36987774412,1
56,53747.35582498171,749,3,0.12583353389840418,2575.5052597285485,25150.41082927619,0
53,20000.0,597,5,0.9188055885302678,8922.501329546029,22797.974451676197,1
55,20000.0,850,4,0.7868788480746935,3857.844983303309,11215.516460763643,0
81,37678.935325807484,822,1,10.099862494012728,0.0,5865.125727889923,0
78,72206.52230133775,537,2,0.5841809003038881,12769.453832963194,44258.95096783164,0
34,20000.0,602,1,5.555808092289164,0.0,17850.97563266927,1
69,69744.27145343364,464,5,5.183989595348632,8288.073431175439,40677.30068671158,0
50,69577.12211657107,618,0,3.013878787254509,9782.590750723326,48363.07628172561,1
52,77835.2571126623,776,5,16.55107333784441,6852.903730543632,41713.5143836059,0
19,96679.2208955028,655,4,1.513498319804056,22730.58402613159,42550.85686791869,0
42,216566.17073397984,745,3,3.520089990953496,22703.343503888238,64949.76989874071,0
32,26582.397301557532,542,3,12.052633281271913,4010.6417564400895,19407.488469117416,1
57,38942.781067070384,779,3,0.25024689140625883,7396.882413279926,0.0,0
61,25299.008512959826,641,1,9.052911850906744,3752.0463444571865,35231.3640350549,1
18,35654.15656375922,699,1,13.729365679488865,4017.5542956886356,5002.825820380629,1
44,125110.94111978509,688,2,21.806772677995866,15592.764013537279,40490.0505046429,0
62,20000.0,568,3,16.92793761562987,0.0,36326.99944739445,1
42,20000.0,580,3,3.1165331594708747,0.0,33175.014079387045,1
56,110115.86052133757,796,3,7.15043101099787,21324.792074452944,40537.56386340527,0
50,82160.5004427898,738,4,0.6515969868931428,9249.561772156258,34873.12350299264,0
50,26429.393227333396,805,5,2.4156699156615202,14574.261952539207,8433.870127219196,1
40,71726.07588804874,731,2,0.8015877792096372,13453.246250185242,20856.332126065536,0
26,47089.10754021743,712,2,3.066740144543749,0.0,20711.578044885406,1
27,121810.90708429716,521,3,16.855617013482764,21558.147974562187,64618.87471862241,1
55,37839.085939377896,670,2,3.4541128043938856,5026.3570223277375,9331.848539295643,0
45,82538.35169834901,695,4,6.684960408317608,4466.615326111361,31105.49373297294,0
42,310658.5775103934,850,5,4.601349914962541,50143.90237056749,86294.3586796168,0
38,58130.24103326194,768,4,4.974871876476322,5915.057384043679,17866.32938994027,0
40,37065.76684056368,850,4,28.288389337978042,2532.4523202418195,7255.016292519904,0
60,64370.22934006808,758,5,2.8446905325778267,10925.301194015228,34504.389567812796,0
39,26382.85631726374,625,2,7.995081748111754,9522.03461615372,37774.18479031581,0
24,252239.29986126363,709,5,4.413165381457052,35891.91949138752,102383.19906913732,0
56,41260.3904982661,722,1,0.5110734630054428,5989.7333440234825,9128.909138214764,1
41,28458.286923808544,602,2,5.443469879473801,430.1434956216053,28265.30268914419,1
45,20000.0,658,3,13.595723103867147,8541.359930063716,37137.31095168466,1
69,87528.57208143362,677,3,0.8422046632242092,12881.559102850484,24530.779574934462,0
44,72482.01046376339,850,3,0.5842685142892322,8997.721515100175,9022.244660649016,0
49,23674.86972597587,485,2,1.3510837188055567,1531.9966891468935,36355.20841742313,1
27,57107.46387782516,820,5,11.709524429957403,13231.85548038951,40353.26730879223,1
41,20000.0,602,3,10.427435283261678,1462.149658874448,20163.766418233725,1
54,41426.49253919931,558,2,6.742845783981033,11049.636807978042,51684.653383046636,0
21,51599.13608046717,818,3,5.115453359778286,4818.8480641470705,17815.201147901385,0
48,144352.05826487308,772,6,17.756574627271185,23893.046124374203,37812.26593256383,0
46,20000.0,825,8,11.788908255126072,3856.1905197460474,36808.206292645875,0
45,20000.0,779,3,13.535150134090356,0.0,14743.409639839228,0
60,20000.0,850,0,13.59220765538261,2356.421902103707,9637.263642173184,1
50,20000.0,754,5,8.336742970867599,0.0,20659.976991708463,0
67,106516.9102654542,682,3,4.961381706317979,11117.764247901145,52014.8570351373,0
29,126738.88457151722,732,4,16.20078024919653,9696.631173188214,70269.42475553301,0
47,46285.20274803237,824,3,21.09070247233947,16667.178859940872,34187.33604927921,0
46,96902.62191526042,618,2,0.19516128775622368,5579.610926451735,41335.459291431696,1
28,39729.36524947445,631,3,0.42874388607462854,18749.64333373811,53574.5100346644,1
59,32925.6888730742,666,1,25.822327609730248,7232.422058839649,20439.093653102445,1
80,27089.707898144465,483,3,2.629002668380405,1146.3365491798181,47108.87227546246,1
44,27597.470172027948,712,0,16.73849938396746,7976.082337250127,6721.781541918703,1
52,20000.0,505,1,3.987816746870881,0.0,50183.38542142251,1
46,44209.2316075986,703,3,1.0271709813439194,0.0,24091.592504455526,0
34,34438.35501553883,786,1,0.6792940614027289,5224.62807004046,4534.349061405743,1
18,65591.13271340479,649,0,1.3786584076712345,12753.129331140499,50842.13883004139,0
34,38433.67345026107,850,0,2.3290713735519897,11900.609848872178,25795.019528608962,1
23,31150.41867431838,549,4,5.43059297205538,6899.482173155432,53526.66978908303,1
70,20000.0,819,3,9.792724334439427,100.33782928641313,0.0,0
43,37766.043364922065,766,4,34.81040465430503,12357.254089701288,35234.29036033452,0
39,65209.11438130941,522,7,4.718353149243109,15060.452727187121,47989.38322950899,1
58,20000.0,850,3,5.914578984594225,4171.989391634859,26725.335403423756,1
27,38243.484237737255,691,1,5.975848376611104,11529.05430208304,33047.138149198196,1
33,43092.11101548112,608,3,6.279929051743837,17175.428128189877,38776.29105116615,0
46,20000.0,554,3,5.907113356037463,27.72190552196207,34894.914941931595,1
60,21981.52990559351,675,2,0.07138918739795741,0.0,23385.281854554956,1
52,43006.25701163229,685,7,0.013983121758151326,3100.1611104459,21710.768514502175,0
48,20000.0,708,2,0.8324442233384521,0.0,8821.74875485904,0
46,47426.54853221456,667,4,0.8674417367494831,9654.912196055167,27988.546966510217,0
51,20000.0,762,3,9.885487232407684,0.0,26571.063071777447,0
48,85096.401514147,658,2,1.857391158470198,18365.06880574624,29248.381787565733,0
29,242078.8433920247,500,0,18.23371411859505,30462.91173039867,118177.66013584175,1
45,20000.0,682,7,21.38032311114474,9729.409774105208,23726.57541287668,0
28,55163.15056661,456,5,30.17466303073963,0.0,62580.35477670172,1
46,20000.0,734,5,22.66554288401833,835.5430987104642,25666.23703906324,1
37,83581.91287658586,598,1,2.5701367925997722,5107.114682365128,58403.873474702945,1
83,20000.0,714,4,5.774446037871971,9702.110105199834,19356.496198005076,0
44,52790.215599713076,832,4,1.5626805427357715,15953.656656329355,17607.062395361998,0
23,20000.0,601,2,13.29192504856766,0.0,39321.78609472781,1
42,30039.625435415677,806,1,17.76425876193656,8621.44150846051,2402.2848096733214,1
52,20000.0,653,4,15.436569922686934,8250.305503660426,12922.52272293302,0
70,69865.50991994508,850,5,4.601151220821295,11442.162467367527,15521.19126703784,0
36,20000.0,660,5,11.515009285542988,5799.632878001312,27358.523324270715,1
20,55972.2153793548,612,2,0.8316619526755429,10467.99072846505,59148.828189398715,1
57,26845.127620580173,768,6,0.3327236710467957,8192.811125081835,16310.510758523695,0
24,32407.094865056035,653,3,11.334528803633194,0.0,49105.61313829392,1
38,40181.41458989371,612,4,4.487426710088891,11747.919199229205,40234.27874990251,0
41,20000.0,649,4,40.0,3867.666313066687,20872.680966232423,0
43,42298.251695456056,693,2,0.8287457396842776,6683.357820189833,39352.59320659566,0
55,124850.75497806049,834,10,15.676414147390542,20368.89293805793,35297.51813300261,0
34,20000.0,500,4,5.296540603336922,0.0,42662.33637410731,1
40,93049.2607592237,700,3,14.21819117377597,5104.341364069347,28053.298326750803,0
44,121593.6539766047,761,0,13.761615682863942,16405.84752897999,28595.789201028518,0
47,20000.0,717,2,20.06243042861607,10672.048550042073,24481.286414236667,0
46,20000.0,831,2,2.864226732996821,0.0,18920.035330306233,1
51,45597.48945342235,690,1,24.23299172230783,7276.936170878147,48749.080467535896,0
57,22722.839234420415,679,4,1.3323040773924977,0.0,15092.024476274988,0
50,164761.56377154315,758,4,0.6927434085920111,18726.62893882598,71727.04356865413,0
51,36627.0450832094,708,2,4.576153184113954,7681.60297813121,37945.201453896094,0
20,20000.0,658,3,14.273336364920416,6672.815046886206,19606.138837825114,1
45,20000.0,750,6,5.194968690007917,0.0,29758.48627245506,1
52,87005.10433687645,631,2,14.318933809619917,19255.690912593298,56324.48729580319,0
56,22284.109862847883,635,2,10.596209510965469,5274.5438759106455,39182.659261329594,0
34,36898.99579968206,644,4,1.9034921698619534,3933.3017929378075,52995.78464508844,0
34,77944.96276143072,836,5,24.086251168750483,12684.636769717175,35202.7900458249,0
36,23930.477899179128,369,2,0.507924915344297,13735.639230631785,32281.477671268098,1
53,34280.71946663795,738,2,18.51278055290978,8642.307555942794,24207.525704500044,1
60,35116.06173045083,701,4,2.940647984596022,1352.894272443194,8804.282590922001,0
38,62337.97685806678,526,3,5.616891465112683,8631.908534216538,51374.80400566625,1
58,57780.715384284966,729,4,4.445202013103929,8758.771396774575,29569.411648286758,0
46,29717.956568801772,746,3,1.527192905963094,7553.833536621515,12856.519396780888,0
43,37503.600865446104,758,2,3.5915056991583056,6472.1974975955345,9410.492190610854,0
41,26242.649520764302,427,5,1.73623799911491,13340.12286856307,43654.98297339985,1
56,20000.0,837,0,1.8469092247631262,1643.8992136240352,3634.962375433516,1
49,43968.67392400087,622,4,1.677462055205867,0.0,33751.526009427216,0
79,167979.50281411936,768,3,5.438499584392224,24611.226098412695,57825.4816586906,0
32,20000.0,773,1,12.953097783388861,550.2614840998513,19315.558420531124,1
52,20000.0,608,4,6.8167790788794855,0.0,26327.96644797607,1
36,20000.0,765,4,18.11855826377049,0.0,27182.414033654346,0
31,64483.53884800318,658,3,8.197996869744593,7199.916801016112,37126.19348760438,0
44,51418.74493647925,486,0,9.469358335570934,13011.625793984571,60013.242381027376,0
47,31257.014445057426,817,3,8.9216475271808,0.0,9192.829851685514,0
89,20000.0,618,5,4.834519009820739,4583.904864633948,56521.83352723597,1
42,38397.55133192248,610,1,9.469324611288712,16700.108356227214,39421.38447160292,1
27,20000.0,656,5,0.5852775778511058,1908.2056580489248,41492.04573342936,1
49,40039.02108978185,725,2,15.916925281243275,4563.836455277083,16783.107830146273,0
18,72740.23844582977,692,2,12.184279639285275,13854.493631752433,32017.736310568078,1
43,20000.0,753,2,2.2788714681883646,5463.126139159396,12734.195942976008,0
45,20000.0,561,3,11.835378229632157,10029.567341910504,59346.59925303448,1
57,129980.41590305854,622,5,0.10305791283564132,17344.991474144947,57868.37242761786,0
59,21554.870851987886,686,5,1.9839940737413249,6598.865768691417,13923.884778517799,0
37,90352.79526023836,850,2,0.545579872329384,16311.705359690875,39471.556451650424,0
42,31373.595626934835,686,3,12.272793603221837,2680.968332699234,25770.147058321032,1
33,31169.55356609464,808,0,11.421578443643428,3782.438530344904,10930.352035529124,1
27,50995.792769466774,701,4,13.608434614793488,7082.295213280521,23165.900326071205,1
49,20000.0,648,2,0.03638330638262636,0.0,30582.05129366055,0
25,39681.78946024787,672,8,5.634486993027397,3573.1907178211386,39790.80640629082,0
38,26034.521331327385,680,5,9.883820994132936,11275.272072896918,32248.482681919937,1
29,20000.0,759,4,1.3680371305031875,8092.354739922697,9828.795469547105,1
53,46945.155791137404,838,3,8.498717492498598,3614.6486406102354,4715.527765342858,0
72,28683.79471960523,734,3,0.7116588500087201,3935.4463032283043,0.0,1
25,31295.814347696214,819,1,1.6205600745150084,9335.502444757938,2470.005337434335,1
18,20000.0,599,1,5.231594888623742,5061.369006465322,26602.227678318246,1
43,131261.69766714817,655,3,8.586490121748849,22456.183531103845,56573.686041247965,0
45,73050.45405521119,624,4,1.277133883445798,12951.116973582404,40570.356693423004,0
48,78480.68519474503,730,2,1.6592139537058268,12085.894081187937,63088.34357209185,0
38,27709.631629610012,661,2,1.8526078058607984,3033.2957456288464,31569.717572359747,0
41,20000.0,772,4,2.2091035851831884,0.0,820.04419349411,0
50,176555.80016616697,603,2,2.080883747640797,28248.20993915149,82093.96951209115,1
60,33856.96586509923,702,3,4.072463824399874,3609.039929276103,28315.582652744546,0
18,20000.0,768,2,8.591740819027745,0.0,3126.911757408181,1
39,50100.05030058548,487,1,4.668110872892492,4231.1461767036635,53048.83123115983,1
48,92692.14814278386,850,4,12.117541316432172,17323.578156199084,32288.26584588007,0
31,34929.90241301809,669,3,10.289888489554917,0.0,38317.61682914196,1
71,101562.70172405362,491,2,1.0957514890900912,8968.20321386896,46523.32651425796,0
35,86513.86331223846,714,4,0.4056050158161442,12811.321210441389,45027.41607492692,0
44,20000.0,701,2,17.036368459052525,9969.165081310754,34783.02748374298,1
53,20485.899790164403,689,3,0.6739038202056233,7967.903922185498,40973.31404502973,1
36,78055.8967399127,799,0,1.3005921398989468,18586.162098600642,15128.321284821048,0
18,20000.0,774,4,0.18129332366274198,3859.687428503707,11759.286819138026,1
38,31490.66184833371,728,4,8.017104936502573,3341.87244298485,20587.82354564986,0
60,20000.0,743,3,7.072602110452502,7100.864039608072,23176.291113139312,0
39,24082.142815650288,687,0,35.116926044872415,0.0,21278.60462175107,1
32,27860.56499711942,850,0,17.65613194946917,0.0,782.5494225250568,1
59,26535.523138803674,547,3,4.285409316779171,0.0,39604.50071061896,1
39,22632.580751049667,712,2,3.7629023111965516,8721.872872068763,16644.92734299826,0
37,20000.0,704,3,2.8527222472997456,0.0,25842.333212989466,1
47,233133.66528000485,780,2,1.3393723968448266,37741.79052263365,66211.1755853735,0
56,164607.45262912544,611,6,1.203636205847658,23802.139814697937,60730.60277075744,1
81,20000.0,520,4,1.1493128093923421,8418.87221267743,51557.4902258946,1
57,130266.25314702786,713,3,0.9814596623552487,12599.82631562209,74382.9950734433,0
62,25653.577070422747,726,4,2.2283975834680922,401.3709407809397,38178.703862999675,0
37,39574.24188413542,849,6,2.9666025398443123,7855.738092114638,10840.889098324315,0
29,33796.59554523938,568,3,26.39911775471039,2533.627852162731,48199.30985824745,1
45,20723.137614320713,815,0,6.997363541099753,0.0,2439.625529576634,1
46,79758.52581922017,850,0,35.55671660481911,4167.670407400876,28313.401235907593,0
28,39467.26823437695,659,7,3.77426738626227,0.0,24208.7195653855,1
42,24082.18977914284,566,5,4.955585224039728,0.0,47632.17703894056,1
51,20000.0,656,2,3.1785904510423437,6277.094227356612,36271.3401228232,1
50,20000.0,699,6,1.6360273029281,4518.948323308201,41772.73193319425,1
52,20000.0,755,6,1.2515275166851354,3627.3455282286154,12771.08810716851,1
49,35954.9954755613,637,2,23.505091042211028,15277.911308598334,47407.09243905119,0
37,20000.0,850,4,35.059618833771644,8793.64472339595,10965.943631666498,0
37,28630.858387296536,584,2,0.37218831699724014,8097.598554246882,35139.91131850635,1
26,109478.50635329774,520,1,1.3196999824385116,7701.133983454418,67526.10401144126,1
72,95170.53340358338,810,5,4.461656019327566,13627.528351279745,48839.18893437475,0
45,34666.63398920445,465,7,1.6702578514503077,6376.681736327084,46437.569364953,1
41,33143.123048055284,677,0,3.664186251203236,2522.3783574975528,25738.674692713383,0
30,166291.43000756938,850,2,1.1196138173211498,31983.33708305,27154.353304327884,1
89,54558.020936100555,696,0,4.938952353677136,7899.2628749812975,29413.935811549083,0
28,27206.160154245867,583,4,2.567982167225855,0.0,36752.27810990477,1
38,20000.0,692,5,3.5131164032211846,0.0,13509.072666842392,0
51,49166.90624664208,692,2,0.802395091530047,18523.312799485375,19462.279784975475,0
54,70266.1527758588,714,1,4.526605438087699,7694.634204533577,14822.550828251427,0
59,21206.13381904178,765,3,33.127473228901444,0.0,8516.34273542929,0
72,45197.01208011921,592,2,3.2297726205481205,3270.9248403275374,52887.160290565145,0
52,26419.823517456014,850,3,16.936627069255223,0.0,0.0,0
28,30610.34897794766,723,3,15.007507443610773,8963.733929113754,29370.97717208889,1
41,20000.0,772,5,24.605953662809647,0.0,22413.334779676356,0
49,29677.34529234004,633,4,12.645471907306941,0.0,54891.618670431104,0
76,78816.90852155113,829,2,8.728758945011558,11054.708851623884,35506.126357256064,0
23,21210.463589420975,671,7,15.730271915925155,8627.303754302788,33429.746168215104,1
63,37163.10035129424,726,3,0.6371357657772121,4848.720299936612,26679.81108476909,0
47,20000.0,602,3,5.033679264147504,0.0,30112.74480930884,1
57,47837.35863207821,596,0,36.72078323614164,7628.301461037198,47457.26903687696,0
43,29805.58222747463,768,6,11.890305955256425,1787.0144455681652,29416.371827589635,1
32,20000.0,652,3,26.504453246733295,8576.781083402167,26943.06233601331,1
56,106158.8889861378,610,0,12.250983466887455,19221.66326526583,67483.31400499864,0
54,76246.3062822591,632,6,16.83583158667869,7934.969620864895,72884.18404449956,0
59,21676.33634677986,769,3,9.930426713959871,7011.528421605128,14946.898369733382,0
44,53540.11225466411,633,6,11.576602873857789,8878.866348068672,37802.44915526367,0
35,55308.276529862254,685,1,5.998957556330703,14713.886994454157,31269.808446838826,0
21,60275.862520915194,699,5,20.89925130648836,12198.24541709086,33642.17813219273,1
57,20000.0,502,4,14.119852577223744,5589.6781968759415,52379.67399855876,1
51,81260.66585570342,547,4,15.043013365580338,18149.08656102039,54147.5503935914,0
30,22311.261955646798,732,4,9.05436581532422,3202.140549734316,19963.882406713376,1
36,26544.586155006546,622,1,2.942237708801474,0.0,27495.503395211836,0
37,309608.24047145527,805,1,0.2938682301520742,44369.43633334367,99184.77624224589,0
22,45594.21722371032,796,9,22.222334279691182,4570.577460263854,13381.719833018822,1
32,25931.54784940005,771,6,7.1456583646245635,6711.8190995794785,2755.44575822355,1
27,20000.0,850,4,2.8676070222507266,3115.9145783887566,10366.254306537337,1
38,111257.94239958703,689,2,1.3081656057934838,17631.089985286893,68232.5249043061,0
33,20000.0,764,3,14.330162462185552,0.0,11270.570523059874,1
20,20000.0,638,4,14.66963305868414,5392.261330313686,15955.707601301661,0
75,27127.170735282863,850,4,13.646421157184328,0.0,27406.42812395783,0
64,113715.80419938629,850,2,8.39055065924002,20825.189513744368,33442.302334564505,0
33,67107.8824386733,699,1,3.691417823461667,14307.700862018359,43893.78038864577,1
49,31274.96580380472,737,4,2.936303521775559,6153.061288827288,12708.288698818118,1
51,45834.82682597816,836,1,0.06959173484666561,7998.318988234854,14763.759566536728,0
63,21756.845700501275,682,4,14.526590029130816,1905.3124379442856,37059.13999545355,1
32,39915.341408971704,631,5,0.7410968645993387,2511.6815719411197,34371.3281918326,1
61,37802.71221367119,787,2,8.069988635873257,5215.985762224141,18597.448905427744,0
36,78778.17846468466,706,4,5.680776776013616,21140.63808526262,21774.01317954204,0
24,78675.42000503835,716,2,6.058827212742709,12184.085276324284,43975.613215349564,1
56,53373.06267625723,612,3,21.168296419959578,608.9083440232071,30786.19052074992,1
64,26446.391554319893,522,4,0.26021699667105735,0.0,51234.39763660374,1
84,65401.095063799556,722,4,12.024730403989166,1821.9741163318822,33574.60608481282,0
26,33010.66129153914,790,3,0.43299401143182,2695.750021446331,18423.52681652095,1
55,20000.0,674,5,0.31509416822034125,9255.575330268359,30927.926554323458,1
38,25573.297268407416,844,3,4.5505730458699,0.0,11832.004588079788,0
56,38151.18610157707,626,2,0.5277330526053815,12592.0731256578,50544.068808265525,0
22,75085.06445980263,590,1,12.608294856787074,11427.095822228901,63167.06240169797,1
25,30623.007938679766,691,4,6.108156767570339,6752.783819634593,12046.784587220362,1
33,20000.0,689,2,0.2386968947293121,5125.801900756844,19836.73758718348,1
46,37291.77904133346,776,4,0.33488379984010513,8233.242078979012,26599.271703906903,0
35,39067.02160415957,618,5,7.682642966013774,3371.419035669343,24450.88605266854,0
55,41455.956591377406,837,0,13.28783669275265,0.0,0.0,0
60,75681.92527501691,850,2,4.664763972886439,7594.848723927602,14193.671626449996,0
54,82085.53208860487,694,2,6.5507869477871825,6963.790646170179,37918.11716259177,0
69,21867.287653458265,825,2,13.029542923013643,4645.288938375972,0.0,0
51,21477.525985377837,590,1,7.637548846463343,4124.972117153621,20346.808075521185,1
26,20000.0,807,2,2.06212170636107,1410.8639222653487,0.0,1
65,63134.89139256487,804,2,7.690666732961241,17792.062193316524,34513.175638754336,0
35,116778.29350625824,786,7,8.015864822690972,13081.245166480267,49638.789148675336,0
58,27491.518533333674,696,2,10.72975600237939,0.0,25905.890006142654,0
68,29203.00625588105,396,3,7.856086077266185,4697.649910192861,53980.992930243585,1
51,118511.07518385009,632,1,28.20103611900284,22656.444883418146,61289.24158426482,0
22,53882.3066043264,634,4,1.780053318930013,9008.043400379847,26610.8499823937,0
31,50904.839567829265,598,2,24.44407711998244,5307.821219386976,52237.871227889795,1
65,20000.0,710,3,6.260696433489357,4026.2822762140577,20468.817139858602,1
42,62103.46210242032,655,5,9.028324488426465,18072.90817231732,46479.51656635012,0
46,20000.0,613,3,0.8485760027068389,0.0,37965.43673793932,1
56,20000.0,590,3,3.879617880075108,2957.45323944169,36727.96757663215,1
55,26786.339249630168,625,3,11.882539973103972,7166.795653367392,33009.801869184696,1
49,22018.75714910453,812,4,9.940960008050665,4377.45067326918,12541.52598600138,1
41,29681.76759525774,630,6,0.33183432864959483,2891.3254611852317,29525.34802051692,1
40,20000.0,645,5,6.406839899273254,625.7380811467724,30816.158684597613,0
58,78137.8123211675,651,1,0.7486050098819707,9484.801904035352,44265.29949787852,0
53,89742.77139109449,732,4,40.0,15277.352854408828,32621.790900465436,0
41,20000.0,744,1,18.434870552981355,5216.239045480126,22407.0902322658,1
61,79406.49148620771,387,3,0.1725788468695812,21799.973585696658,71262.98276478253,1
43,20000.0,802,4,15.84775704745972,0.0,22843.839516006865,1
32,71877.59920700682,844,4,20.400853991022924,19028.188007239416,2966.2525797829803,1
33,33653.55164007182,590,5,3.533679057382332,3668.667949545101,35608.97979436655,1
30,36446.3269403247,598,3,10.29661838052121,4640.49196256608,27871.424964842445,1
40,30583.622354107578,652,1,4.727016297823757,8661.246118887668,22993.49848959867,1
63,96177.0408408194,620,1,8.625568155258547,17812.068609530586,56140.771725254635,0
32,20000.0,720,4,3.369571449460068,8698.75197296657,3892.1829526694037,1
47,58596.4314974376,499,5,3.1544086299869054,15214.864583138122,52748.94872600594,1
35,87824.05659553938,583,2,4.474449569423115,12092.229847427216,51945.45994913317,0
41,64048.69074928574,850,4,1.2742764142120888,16043.734196898635,7864.63462240047,0
22,239486.6875019453,603,6,14.407301334331587,30319.439701051677,95269.4829258948,1
41,23069.430256426047,824,3,3.473131624140971,1672.7056597179132,1470.292385016195,0
42,78041.02699674167,734,3,4.139706781896925,9997.466927731355,56414.23178381181,0
53,32630.596789645446,513,3,18.183135407658334,1882.4725247780393,54748.93274108377,1
48,97869.76865412263,762,2,5.559981781123764,14007.034865741134,37692.28449684952,0
26,35372.679071554536,685,4,6.36513749073628,9523.94115174544,22024.241971763924,0
61,25898.539570871628,651,2,25.393104989278005,6947.660024925433,32153.889920452442,0
48,103878.70580849148,722,1,17.641386891971248,11415.778713826616,50497.07904616721,0
48,23787.58797585442,746,2,1.5040668473682965,0.0,19686.632928831692,1
44,20000.0,770,2,5.191799004941766,0.0,3285.495128980756,1
37,23299.46215468525,818,4,28.76088640261661,3714.762995476728,7755.048809588974,0
48,59136.70142815648,739,4,3.7729683369758606,216.83656647557018,28823.37677361239,0
52,111465.65285706906,557,3,3.7627381975080794,11063.129365843779,63999.84450663389,0
18,38992.55805274632,649,4,1.7572995140195489,3118.970656741454,34202.14597694247,0
36,104916.6595211513,850,4,0.9833649764647051,20070.724218059186,37880.32006012211,0
41,20000.0,771,1,10.920797522802895,2125.9316170286666,27227.546944945174,1
48,24748.594013535814,850,5,11.905448456740972,8594.683982670887,17505.242072224864,1
63,28095.604059876012,840,4,28.140909349737118,4890.016013656609,15148.987603577305,0
33,32404.781546016613,722,1,12.02565932582285,2117.7436707624993,9112.80593899365,1
37,38137.65519477909,728,5,2.258748018054938,3130.2480401422313,35116.62101044958,0
37,62726.98300864208,694,4,0.33164184465211644,2834.881216460377,41830.64986399737,0
32,24717.29284174345,520,1,34.25731061999587,15716.648818899686,36898.9438837727,1
39,39894.889952155325,699,2,3.371208249011989,11248.898606015191,26670.85620187782,0
56,34303.382036288676,821,4,3.028793141201132,7881.473919913831,13458.906698499519,0
28,20000.0,636,2,19.148271357181574,0.0,22306.21229081069,1
51,32428.51200472792,740,6,7.125711807627524,2236.6986282606495,2354.316202583839,0
19,31640.68860788504,784,4,1.9594504658352698,0.0,4255.064734141775,1
36,31089.76476290374,605,6,17.8126492927196,5003.165055381476,23779.65746916442,1
39,36535.61270335226,651,4,40.0,385.7187834230517,10025.460428427836,0
70,37875.21817923667,594,4,0.7344058712372917,1884.048584800944,24716.497330296064,1
40,24972.186715102293,614,2,16.056845878986188,0.0,42010.16817944536,1
18,101075.80732436937,566,1,4.01065089183713,12927.871069114593,62100.35118655009,1
18,20000.0,606,3,6.014166042508457,3164.2674002277063,19807.954374799963,1
45,20000.0,842,2,19.949825110830915,1712.3640855337976,0.0,0
54,347865.1458966631,604,4,29.37110426686598,56518.94339913213,137526.56529462844,0
50,20000.0,710,5,2.462671996984558,6936.645212711004,31805.56552418721,0
47,20000.0,646,0,1.9386331907273815,0.0,26504.857557867963,1
62,65008.345367195674,818,5,0.6799402711839418,10761.757326768848,33971.35662897938,0
36,20000.0,831,3,6.683107106927466,0.0,0.0,0
58,29350.809148576103,786,3,0.11095204387884929,2093.9812465691466,17102.805838319513,0
20,206814.2731970376,729,5,4.29992860061132,31397.903984293072,56795.76049568901,0
31,20000.0,674,0,0.617350059190086,6194.814951977944,19331.934338940588,1
18,20000.0,576,3,4.208544641739999,0.0,32938.3806518444,1
40,20000.0,850,1,0.3300860227490473,0.0,0.0,1
44,74358.61722984917,620,2,14.605331969935428,10857.494250572974,50153.783424739566,0
46,89528.91371762763,765,3,1.9066752054062497,14750.62220423578,42047.44163089243,0
45,23380.95746454221,806,1,3.2234471188396703,18.061008890611447,21405.892193449647,0
30,62332.24650580601,641,1,16.528779821047834,12890.942550397393,62367.669839275724,1
42,111302.7637575802,803,4,11.108899276810968,18842.781242714977,41134.2878521392,0
22,154141.15613147875,775,5,2.002556916645686,18250.11957529864,51397.28993712663,0
65,29085.791503424283,850,5,0.604382852714743,9835.837958361135,0.0,0
40,20000.0,650,2,10.186827518671349,8719.709150019215,29397.914802328647,0
37,20000.0,566,2,4.013134534769806,13345.107338680484,39338.215023162375,1
69,25084.880175129518,646,3,11.76748639907431,12241.857786235383,13435.290080473418,1
26,28786.741248557162,719,5,4.773479264592008,0.0,18737.264298416143,0
27,30514.439938757318,703,6,3.4396780984435833,8989.43244784161,23368.740027956534,0
28,89098.12507454981,657,3,4.860251563590894,16959.846923042474,50153.61580376566,0
43,101217.94172394346,503,1,11.182429504601798,12393.247524295452,72092.8655053684,1
51,30922.136679226063,745,2,18.832809033596657,6649.215248228415,13784.535342101373,1
56,87619.38990359106,850,2,0.4134909723095974,2690.8339703612764,27463.50352462316,0
84,47728.42067085996,745,2,6.014831438404571,0.0,29983.34391329402,0
18,37529.962680871235,760,2,0.27043154844330963,0.0,17849.541003095565,1
54,74859.34328392988,756,2,5.118243451394453,12465.518359026491,26622.29411924525,0
36,37769.10349620103,738,3,17.538813062903508,7513.871062260459,29197.350369320928,0
36,192414.1126739975,793,4,3.635077387632064,25541.16679717011,59573.39083950379,0
35,20000.0,738,3,21.828636930497904,11577.962556672246,4565.726048186945,0
31,23331.504780546144,666,2,8.066774974682266,8300.495224113814,38803.16814608336,1
70,32088.548614761934,616,2,22.035701741152444,0.0,21157.504196902097,1
57,51039.30015232535,672,5,11.464576154239465,6268.433571309893,31281.43031302973,0
45,100682.53215148914,730,3,0.8843958290820857,9303.159388683831,44239.92263046364,0
65,34891.31330823496,665,2,2.1291754424450735,6996.162793632595,32891.60499002494,1
22,20000.0,730,1,4.05936854642341,2644.047483696605,19290.091428519943,1
24,71030.26942449261,742,5,1.510312715935515,5441.048012506106,1173.0948641605646,1
18,66109.39760239453,782,2,5.532476782324083,17897.125570027703,18670.085668496366,1
34,20000.0,828,2,5.163450590892689,3092.7242305895948,10978.161554531038,1
47,35485.54148503547,705,5,25.348738824155035,2846.1741566067353,23388.056306242495,0
46,20000.0,564,2,4.606312406759006,1508.9862577524405,39046.9962616922,1
47,20639.997532546156,662,3,12.474298708569165,11144.80669022046,34828.84814579426,0
23,20000.0,702,0,23.050746124313175,7447.5006631536835,25472.211271095686,1
57,69119.83750463456,510,0,16.973388993405898,8848.78659900674,45928.79250703729,1
48,39175.26151738415,839,1,1.895701343493201,424.8792439257095,6946.098787370235,0
56,20000.0,712,4,5.550430445986827,0.0,35964.692098342304,1
18,73251.50623660923,736,6,3.461224687131916,7796.283557001328,30588.02346990786,1
49,20000.0,837,3,4.1357801614511445,5386.545371999326,6100.836545980191,1
26,46662.36864353647,633,1,3.6251433679567753,10391.044305127332,39998.82193227453,1
38,20000.0,756,0,14.181208973400647,0.0,27631.66075742071,1
53,26374.28581546129,686,0,4.874043573106568,7776.276949359244,14527.64778556898,1
46,53825.46780366133,679,0,6.00773332074459,2901.6244638752914,27306.99452561024,0
32,54589.04536315701,619,1,32.74466103288292,4522.420715617831,22108.413290764118,1
45,106544.14020831876,850,3,0.5010121601190333,7523.609673566775,27874.80734412929,0
21,33274.67799958584,659,5,5.421718172908278,0.0,34157.1089388913,1
62,45765.678325210196,769,7,12.04869618826989,1718.1154254671028,17494.79379738792,0
41,24860.995179733556,506,0,1.3274836821624443,3349.3073701270005,58871.78041849424,1
62,41325.36287895844,818,4,7.658901840519832,716.2457619391516,16305.612769675203,0
36,51040.696259166645,805,2,2.2172361344581684,14785.927720982429,18168.691316321627,0
37,32839.453596896856,707,2,16.3656386941874,0.0,19945.652141725455,0
33,20000.0,674,4,3.2088802174529425,3738.126652757241,9177.468550386595,1
58,46714.32468182953,738,0,3.2325460822008862,13273.244588444737,23601.76464152695,0
34,47999.237840040485,850,3,7.385463291719044,7191.707579401816,17575.322427519124,0
54,20378.949287640364,518,1,1.6427238664767683,997.0821970076431,37241.58378300982,1
39,20000.0,777,3,2.7160676889025095,3549.7437914231336,15311.355364705025,0
18,119398.37897363398,605,6,4.365388217734148,13850.926269599475,51794.63229102185,1
36,53262.36796909692,695,3,3.5348023260353716,2352.6046260558314,17939.914182466695,0
27,29500.23636427737,672,5,6.027874361518605,7254.835149774626,24915.739890106648,1
45,20000.0,654,2,7.414671121487479,0.0,27258.190614180592,0
26,20000.0,696,1,6.773623708445294,7577.441644005172,19171.35144318231,1
59,103582.5465856719,582,4,8.600604892302325,18562.496799581324,58378.79766777404,1
43,39850.20352616318,802,7,2.9792400909837577,6427.242691475975,24182.312413832777,0
42,22663.672814637797,514,2,1.0948178405865236,8124.432228398898,47383.37241876225,1
54,54065.15485452375,753,4,11.586942959508965,4794.419667737287,33930.08283260338,0
59,20000.0,664,4,15.408922540791803,6797.26221884056,34282.32546179639,1
44,121867.69704587602,578,0,2.4062477399552127,21032.19936253968,67067.86794153671,1
33,107936.2915089708,718,5,4.233999287464387,13573.831216106832,47872.047999246744,1
18,24280.024679182756,539,7,5.591346577883513,1207.6345706798388,57337.41379237671,1
34,21258.038760621876,702,1,6.173221764432126,4654.171010207142,28661.753512096802,1
35,20000.0,552,2,8.72622143031839,12838.046721325043,26383.29662203161,1
46,20000.0,745,3,0.34419674515630033,1615.5991472501328,0.0,1
39,20000.0,603,1,10.353864971815927,501.0608962037941,27546.24457893114,1
55,39769.52043268443,651,2,0.5181928105048733,11577.546348617385,37407.52959558983,0
35,27241.269470637668,727,2,5.116400293655328,4161.253759955955,29735.25924247737,1
44,20000.0,619,1,14.242640064234916,7216.707431421473,15683.163735244432,1
62,28266.863179115317,692,7,4.860397759927087,11477.979595403267,31121.49409311687,1
50,53872.55594412918,543,0,1.3077338113301968,0.0,57282.83862705859,1
44,54875.82952713267,762,8,34.03590808383308,7490.960217409062,30747.106903005566,0
35,20000.0,850,3,17.826480977247066,1628.001113089555,10040.400201793826,0
35,32042.67688788217,850,3,11.950770711620127,0.0,7937.708087700572,1
32,20000.0,707,0,4.294604355114076,0.0,15121.978946059582,1
36,74564.33074172479,778,3,1.6455302417940603,2322.365718302024,36692.22837806007,0
56,67710.7382414268,516,1,22.9814124193395,10011.784141333786,58318.25297737728,1
41,20000.0,850,3,6.156304033450607,76.41625047395883,2463.202124289619,0
24,20000.0,777,1,15.494875992891904,0.0,38883.48475643277,1
71,24385.9156848479,648,1,3.39142742424584,3895.6078324239807,11467.966682073918,1
49,20000.0,824,5,3.30805532405293,0.0,5980.2612214163155,1
23,46886.91427709061,672,4,34.31485866595449,13144.089256563562,23172.95354283365,1
38,28460.35860842663,651,9,5.9761422259764085,817.940585324684,31674.097986087898,0
46,78869.00319310348,746,2,1.2282179789277097,18718.800198894565,13184.581816170536,0
70,20000.0,589,2,2.009159370739882,2646.9197665556994,44324.515983834266,1
28,21425.116530229345,802,2,5.327147037519461,0.0,21172.87721156291,1
59,20000.0,590,2,0.3515333393527116,0.0,34007.01526174777,1
66,20000.0,590,4,5.029206971680002,10520.35070116832,28114.69605878495,1
35,20000.0,605,1,4.397511922271343,6348.750237773815,37116.360475773356,1
40,80555.23817965668,775,2,12.240033919857392,7404.700612293505,34063.824338076374,0
29,20078.90989077248,635,2,3.551161408454132,3418.337882653653,36603.45263068296,1
41,39411.93867687612,560,3,32.79159175336581,0.0,38600.44351820907,1
44,26050.02505104165,636,1,1.615061476717982,0.0,26675.470400770184,1
55,20000.0,694,1,7.241461303870758,0.0,32080.921660460503,0
61,31007.787233408017,577,5,0.7612403587798031,389.5221683144964,42209.6109148709,1
33,58178.12663875483,580,4,10.722356876418996,14331.312801833708,41556.722948912095,1
18,20000.0,850,7,40.0,0.0,9551.949572668746,1
44,69111.22818644383,610,1,13.851198414669337,2393.7586477718323,45447.36068371365,1
49,20000.0,665,2,6.571232230089868,5107.211864780886,28695.477666843177,0
48,23955.499019062136,660,5,5.370998914547462,4528.158660269553,38515.492094448666,0
40,55003.94345731441,655,4,14.596130380542608,5916.720822559097,31492.465488727208,0
46,20660.5703975499,761,5,22.262585544623615,13360.17339252117,8139.1255100013705,0
68,36710.25359959585,794,4,36.68338990114853,8288.211672470195,18926.65118180204,0
50,27500.336512384205,666,3,4.0911013493783965,10086.453110579916,20534.249296393744,0
39,39580.100784288305,571,4,38.08136445148692,5282.133505791479,29528.86497926383,1
37,20000.0,827,6,1.3730748150265681,27.731067911268383,18188.2204785891,0
42,20000.0,688,4,2.368653380764705,86.14017527145234,18746.496966210652,1
69,58988.21427946517,850,6,0.7551636635198747,12989.441047125063,0.0,0
42,83323.7375905078,468,2,2.5684704284397832,15606.339784965108,70243.52417537828,1
44,20000.0,717,4,11.83206503275858,1685.098524330983,14364.854642667977,0
37,29140.864639477128,850,0,15.526146860110476,6484.799728134802,14344.7400895756,0
61,45327.52701882081,661,3,12.22376610582606,11255.205858122708,42718.08412960646,0
74,62845.74012999867,674,1,8.07680898273678,5922.363271310143,37407.66808722189,0
51,20000.0,728,4,5.843969800766439,1048.683078906099,0.0,0
46,20000.0,641,2,9.99067235004047,5077.866558442468,6252.564736617074,0
45,27099.888935086525,666,3,4.014876217054953,0.0,19032.404296073582,1
18,63359.172222546666,663,4,14.910417445978165,11244.804205672048,36120.222625917915,1
56,276153.7339383948,634,5,9.158602407548862,32923.77254768398,113494.02703490395,0
47,29526.259650482596,823,2,9.69312239286103,8936.10864486414,14180.218460491698,0
51,20000.0,745,4,6.218635602458828,13753.702618926614,42786.18805751397,0
34,49506.52823048491,723,5,17.535012051716958,3375.3555467050883,11590.34046274916,0
39,105157.71474865796,780,4,2.3520131889317155,7838.897017013346,38592.913952291645,0
38,38893.0783451837,671,5,3.8870974175535236,4527.496951237939,24277.189675081172,0
60,20000.0,619,1,12.178100077321117,1447.1751060891688,30831.30755860161,1
39,78085.13868624117,636,3,5.4978679051448935,14301.610920814604,61483.76964754445,0
76,61335.09112559158,698,5,17.821255399682755,9780.625443143821,51195.29856511831,0
51,20000.0,589,1,3.444595426927242,1288.7155584917075,31933.495766823733,1
25,48667.610534468244,646,0,3.7338796826177245,7275.5948436219105,42893.04871431745,1
43,80640.61949297797,645,1,17.786365804966337,5566.709411963437,45674.38965954559,0
35,93821.54832572247,850,2,5.056929245670268,17364.013486881307,16240.251200489327,0
18,33708.7201236288,415,3,5.880015267293653,12970.822646377957,52551.596938341914,1
69,26539.11215224002,679,1,3.277349472005778,0.0,19302.22648695221,1
55,97378.87082409195,850,2,2.6235061608217958,5578.851730467139,27599.624409153872,0
53,20000.0,710,2,8.64241274421208,749.3490235859599,10828.713781973001,0
47,51002.75952394074,774,5,1.0339838039068572,910.8869000227478,23821.299852504013,0
23,20000.0,708,1,17.125186120073185,0.0,22833.632580364283,1
37,85272.60687308364,629,3,12.235148585454953,4787.870634427541,53570.43756240764,0
57,28807.83498450752,469,2,1.7143264490088186,3045.724678193318,48852.843578057524,1
29,100733.95919936085,718,4,9.592306428858294,12004.499692664675,58821.85842587315,1
18,53260.93742918042,618,5,7.475447831246281,9360.141553174626,60542.13674332255,1
41,20000.0,616,3,1.6523743919721618,0.0,24605.77624943376,1
42,114484.50213736307,647,3,2.584781008053811,9822.950511973393,62989.197064397034,0
47,127010.00202865111,850,3,4.259923046671617,17695.29708644405,58401.82240297385,0
56,73385.00659628873,850,2,9.731759328570462,4875.26510752455,31442.103047497345,0
54,20000.0,720,3,8.246702610972818,5412.072708364674,25856.699638053244,0
48,27696.700164032904,650,6,6.154290254340096,0.0,9049.102649511806,0
63,40104.76035215348,577,2,11.848591363841457,0.0,32692.005992808376,1
21,20000.0,745,1,11.490338523637101,0.0,11886.539710272968,1
52,142589.36278719877,850,3,7.7919248566715344,17829.081748506385,55500.260482788304,0
54,40068.57766787362,672,1,12.525974115569328,4145.238606729965,21611.670201592784,1
26,20000.0,455,4,3.295575268685627,3498.403095687329,43639.17826427853,1
22,47017.34082928749,766,5,17.258919998846405,3702.445710710729,30437.838471392915,1
33,26755.917280515863,798,2,7.729655271577204,0.0,4943.082645937202,1
34,33475.20263896497,536,3,13.996929837157479,11996.228679652175,43326.52355288472,1
56,26310.73000795007,716,0,6.401211609815424,9644.81783580502,22279.60042821666,1
35,68994.22342644451,744,1,1.9963350000305469,14688.823677096014,39342.848071238965,1
31,89156.09406744762,690,7,6.33243398543884,14057.224265116081,48255.52851905768,0
35,44895.98249729376,617,6,3.7567926677374914,8266.819801304235,42252.21345809114,0
62,26950.707452433147,801,2,9.68493360038289,0.0,14665.71389920053,1
45,34410.0341782641,656,2,5.231548173275586,5553.632054906682,11896.159008864943,1
42,36173.12379950523,546,3,14.64947307427368,270.9145098211784,41706.759604258776,0
43,20000.0,488,4,9.180774513985815,0.0,41840.102690113265,1
64,57223.58924990224,826,3,9.345273268986467,0.0,26765.597350537522,0
33,51908.33769941332,760,4,1.9830499798245518,9338.132345914124,19559.54881380203,0
64,125889.7517271081,706,1,33.622290711751695,18459.291229166705,51046.37866510222,1
48,99646.76084923833,653,4,14.929164418754475,12405.833641704443,48951.84272560165,0
42,20287.22319423241,644,3,12.6029543923413,627.797653044664,18803.237255681728,0
83,69748.04475451379,588,4,3.2464706832598966,431.1831731722177,34139.500914012635,1
28,20000.0,653,4,6.213325239543294,4107.637752143576,29007.91636904969,0
39,62985.783600320545,481,4,1.1944273290425136,7208.75538327345,64707.060615738905,0
26,23303.908144608915,622,3,6.263091489085151,7832.132913354783,22728.051745221168,1
59,20000.0,666,0,1.277324685713512,3545.6779150776892,21610.771249651592,0
70,44785.38694866555,760,4,6.5227789359861115,9869.451987353737,30269.164261409587,1
70,20000.0,693,3,8.474033740824346,2763.073967169852,30638.426424699086,1
63,20000.0,779,6,4.006402812848325,3726.557147993533,15118.539776785541,1
41,30774.960123394478,835,1,5.590953426637821,9057.238433483206,14619.594749970973,1
39,38086.007964614044,805,3,16.885927052531837,4350.855866920074,20881.85066229361,0
19,26295.644825646017,745,3,0.9308574587181353,6087.850205418077,25168.28359810695,1
75,20000.0,699,3,12.708364224275039,538.0254845179588,9669.522204536781,1
52,20000.0,597,3,1.5166366229824868,2131.3547609150496,50149.54596822126,1
37,49059.62373686114,773,2,0.3029292771231587,14995.31971606892,24568.130688605863,0
65,57357.62400538227,850,3,1.6627068323450316,11296.65143873469,24077.998512535407,0
30,35126.00588675443,732,3,11.731663907582657,2156.2003902670212,13980.138370060457,0
51,91913.54633287896,850,3,4.207186849177241,15024.784203762045,24758.741345743092,0
42,49309.1804755176,542,2,16.68437873455918,375.380771080906,48328.89608735138,0
54,20000.0,580,2,6.024982189288093,1671.9197054419178,13855.041230529823,1
44,28282.211474772095,785,2,0.18226316477982932,0.0,5380.21280542483,0
22,20000.0,724,5,10.216504994007773,5104.721607930018,10750.088116473613,1
46,32575.83477393209,832,2,0.9460439201417299,3597.065852842702,0.0,0
60,88603.13394093889,696,6,12.617353611673108,13850.17897717164,41868.95248750736,0
44,62438.532354660325,609,4,1.4907734321540975,12689.710074222903,40969.53122977635,0
56,112380.71727747128,676,3,3.432794423861135,13386.207697553029,64164.222572678555,0
29,27767.848457753185,541,3,11.602667296067356,1722.6287697612174,26903.785263779264,1
44,107344.85035022796,582,0,24.98166427559391,14839.389427976332,59788.44006132957,1
35,30378.504069820443,797,5,3.7609447447198034,0.0,5026.848309572233,1
56,118978.7003844432,787,2,14.324322970727556,16599.83181409237,23162.99406019961,0
45,34964.11284289359,735,3,1.7147668855397362,5106.946040436234,27405.192035335756,1
55,63572.08427763412,522,3,13.332575505393025,10067.686896207973,57420.01362172883,1
61,119323.32908701664,661,4,8.678876837163791,18844.973325943283,58757.376024733785,0
55,30375.430232133975,573,2,1.7343219928849927,0.0,22526.614146421212,1
49,42577.40403354122,818,5,2.918093390129843,0.0,16336.038296648621,0
29,102423.14676484189,638,1,1.1445271319689332,8386.60085245479,56571.78945508074,1
44,31918.383421051203,587,4,3.9109455976680345,4940.87448520229,44742.36547205092,0
36,20000.0,701,0,1.844489757726733,1349.6831186886307,26810.606134693586,1
39,206336.94868836063,632,6,8.365832279332727,17321.77751888176,91046.08318814199,0
39,24216.58817847587,849,2,40.0,13320.250868193967,18008.084955122264,1
30,40545.49523547225,623,2,0.09786303079790303,0.0,35073.81695568881,0
18,91851.22880568569,555,1,6.306096122219148,13014.332801012628,60631.86431363671,1
34,21612.67006832654,478,4,6.905522191997037,5898.976322566617,52920.380708266486,1
47,20000.0,694,1,19.89229364470286,0.0,25067.28049032949,1
24,43829.59632503906,640,4,5.712367543904635,9399.937907879288,45520.35724714736,0
45,20000.0,552,3,6.3553240083316735,0.0,43923.862549661935,1
73,28111.02190330838,819,2,5.167813268939989,4808.1602163198295,4739.192133660597,1
60,43518.07746851331,766,3,2.537008431650814,0.0,7531.0434273695155,0
69,28527.945925239932,695,3,0.4670457959233781,9977.38079513043,23660.04111642611,0
50,20000.0,837,3,4.25541771184535,2804.465489827166,0.0,0
62,131561.0029888853,765,1,0.43760157865576477,10285.507155275565,47330.57420914508,0
33,38750.590998459,614,2,6.476781643815741,8631.729743876278,34290.16695034647,1
35,115098.63513556308,591,4,2.9739076874213057,24437.785362589835,72029.89881096217,0
18,28760.847368853392,781,2,6.178006023521554,0.0,20254.2849330597,1
63,20000.0,738,5,1.1681280882993401,1727.9190963278638,26750.93912452839,0
68,44388.17369008563,715,4,21.850195139268415,3588.7424451722754,21108.70256914735,1
36,29823.577663105752,611,4,18.218890226737955,247.19460770505157,47673.4539200345,1
41,20000.0,760,3,1.7068054457548512,0.0,23735.210580448867,0
33,118803.13710927338,620,1,3.408056528147865,13335.502326744696,61352.77968813981,1
50,21369.89462294625,687,0,7.699898147616311,0.0,3744.3634970620114,1
62,20000.0,845,2,0.8146887903701931,982.0365896044796,18313.14571525356,0
18,105777.82303033838,630,1,3.546464648458365,12620.604304298198,70323.58626024227,1
51,23540.453060364063,537,1,2.3422464010317143,7177.635595126662,37615.85086374083,1
40,21624.547528750416,590,4,20.016734071294923,6454.005868137311,32074.956111100306,1
46,20000.0,799,1,15.503393651524839,0.0,5527.893508253518,0
51,148385.96340312314,723,3,7.023529536393,17746.724043545364,38834.22830917302,0
42,20000.0,684,5,5.95099686235475,9177.841957203038,16334.643136488503,1
43,37344.03880388489,646,4,21.624429527677965,6727.69272655955,47747.85014148035,0
41,75233.25737370903,747,5,21.82592280691414,12238.45662811754,42917.56053499369,0
59,50302.390764242715,611,4,28.224242542591195,8261.124639119167,30128.064988294384,0
51,33897.05661783515,729,4,1.0851124241606669,3411.1163876803857,15788.59777759311,1
48,20000.0,623,2,1.4176431121195905,2590.656267737189,49823.83649108733,1
25,20000.0,606,0,9.147233719090593,740.1155545914899,19306.41673022576,1
39,41522.730418197934,632,2,6.315181923643011,10177.432043626282,26108.251511394603,1
58,20000.0,659,5,0.15097207772119065,786.6308905562203,20136.26721496449,0
45,42055.89127275135,693,6,0.5182276015957814,5311.746805516725,13730.505866874535,0
55,62257.20777836956,722,1,17.7387923491728,12466.230100559525,25115.98549310772,0
71,78374.37993243786,321,0,16.45573440087734,9300.67397051274,69243.02524018212,1
60,20000.0,615,4,3.58045907135768,2439.327750608917,19627.051270264466,1
46,215615.01643029772,658,4,17.956662228957292,28359.292544674026,94889.66069172703,0
37,66791.63068538059,850,5,7.2948772537485045,8895.220186325574,7467.914192565058,0
18,35546.40816538212,587,3,13.279228148887274,3322.4547345114993,34634.81394717063,1
42,86978.8268191683,714,1,4.516739423756563,9444.166449179636,29606.447917693316,0
40,247615.98389995695,850,5,0.9749117076318309,31055.67779975087,69666.90092497756,0
50,20000.0,564,2,4.606300673848847,1920.5011136557216,24408.65703510888,1
42,29592.74867655951,738,4,4.950705628122389,9335.99969132138,20332.022360971197,1
40,20000.0,616,1,6.484925683515052,5980.855044545671,32010.923490490422,1
18,41688.23596234878,646,4,0.9038210738227103,0.0,46383.84354185533,0
30,48032.02612679384,616,6,38.52529883622177,4535.8212400514585,30857.618734235013,1
52,34471.46175981647,623,1,2.2671486825865417,1570.4779451888799,48744.55649074017,1
71,20811.946916380934,850,3,1.792819096293633,0.0,0.0,0
43,20000.0,784,2,6.0607708533754545,4203.92049841417,9840.20537942131,0
49,48353.68051868665,810,2,6.240871456016524,6279.450054855591,35942.912825325446,0
59,117413.39498110763,748,4,4.693937327270363,26754.879886518655,73655.88915527571,0
32,21924.6064291336,534,5,11.971287427495607,1365.94119546692,54522.68871481353,1
50,51064.720766455415,738,1,5.888889173513448,3190.565526324534,23504.132867252614,0
33,20000.0,807,2,7.620706478804915,0.0,15265.727410560496,1
58,51788.05028872679,610,4,10.420131128086483,4947.214708861648,45501.43077210224,1
47,25781.86239787133,796,4,0.2052827834262405,6620.126520354547,16292.063049595494,0
49,20000.0,769,4,6.848301269320488,6394.82721716506,3457.9651995151453,0
33,20000.0,850,6,17.462328063812652,17723.402426443296,8192.74116416854,1
55,25777.01552522612,655,3,0.142087793465743,0.0,21425.708675935428,0
76,48707.84180841061,586,4,4.2079498144272875,7258.895717193188,30119.464444597077,1
29,20000.0,661,4,21.114825421668,0.0,21146.033739035865,1
39,25703.062523295237,844,1,3.528746016559224,5385.977589397462,11258.26913232875,1
48,34406.23723994939,511,2,4.97206250006548,11870.974776173598,53413.916885323924,1
56,20000.0,487,1,32.3370185764443,7196.768033072049,38783.93123788865,1
36,155323.52293486765,707,2,1.800619728898765,15586.510222292523,58256.0016732284,0
18,20000.0,652,1,0.5466019035767566,6291.753459115541,33404.078651765725,1
65,20559.157288600498,698,8,15.892175596355262,0.0,21581.048692542838,0
56,20000.0,794,2,16.430727667048625,0.0,15179.82607407046,0
18,155554.84843333872,641,2,5.1743320045037375,20507.52091854902,66388.18446204644,1
35,56015.41991571092,506,6,5.847981550286618,10956.627931683088,52024.334995601,1
68,20000.0,850,2,14.634341883792413,4575.803950391693,0.0,1
67,88177.74432742017,596,2,10.866543235726985,22064.404201088433,51711.278053833375,0
59,41964.23258466701,589,0,2.495508947845624,6432.5601749618745,52311.823746823444,1
42,43956.14913173535,810,1,0.1380051713381476,5608.881504418498,18390.995848629427,0
46,26836.782016196685,658,1,5.2921351868687605,9648.632967701922,18094.4071779523,0
43,20000.0,691,4,15.86282762692472,891.9233243957151,36442.60638201756,1
62,46956.090588840416,747,2,18.32038555773828,8556.469030749087,31069.25738420906,0
31,22766.113773789428,808,5,25.34262995311738,5477.034264881067,18547.97616952595,1
32,157903.53952731073,663,3,17.144706703893313,17150.47843935005,71671.35381043893,0
60,20000.0,850,3,7.027594637001063,4776.080643093449,0.0,0
44,125448.24395647744,480,5,4.763421963425148,28706.39148999344,79247.60146127686,1
65,32491.00445435962,775,3,12.077000780010081,10345.65412612563,30895.621965165028,1
34,45490.11378579222,612,3,10.90574167815914,2088.23929279767,31618.075399360365,1
44,70487.40840301236,837,5,6.2572572156679565,21795.35697324999,2043.4883869286277,0
30,21230.531253408917,712,4,0.7401620483465785,6487.549688016314,23409.683920797594,1
45,72307.53891925026,629,1,21.098799577810997,12286.728168867592,42961.21229138246,1
22,20000.0,765,4,4.9254129214395554,2304.1700504357755,0.0,1
37,20000.0,789,3,3.657228984641748,6281.798803509182,17952.861269297922,0
23,20000.0,763,1,8.043978408063696,3370.1016197822682,19734.982062472624,1
55,20000.0,592,3,9.074923852704039,2900.1867254003155,16129.380840425256,1
55,29843.938497066334,648,2,1.9164073007693363,3499.2961856507327,47721.67583241151,0
18,48840.49063368796,697,3,14.690402702930518,11803.88006200569,36819.17842973041,1
65,63334.22863833961,693,1,2.773453870407941,13267.78453670289,14472.272298909338,0
82,43369.81368612961,774,1,1.673747306794339,5309.863426685781,28377.659437945666,0
45,20622.363212491884,492,2,4.224549647863187,0.0,49120.71124988304,1
35,48174.902962836604,732,4,10.622419770186625,6928.423322746975,39967.8041149384,0
87,39415.49412071884,668,2,27.261234206619875,1856.9997430470785,22902.95940205447,0
24,76693.02601308857,612,2,13.42133974919064,8321.76911076057,54064.66868786672,1
45,67311.61568818334,622,4,22.835794859940115,8786.878862369658,39450.519114867384,0
47,36497.19398218311,676,2,1.2273732465468696,0.0,21960.041599417567,0
65,20000.0,330,3,0.598078640683394,0.0,47936.93369823141,1
50,20838.986707777323,626,4,6.607799049263623,4406.521459429429,8583.245444323908,0
37,22678.50242679122,608,5,2.7775660342995545,3311.820947467327,35805.09052957983,0
30,27487.361774661484,752,3,14.260701754685398,3790.044346291263,14790.234272997222,1
39,44347.04474245448,615,2,9.029108020182642,8813.495865772586,8043.441264652025,1
29,63987.49802529268,676,5,28.60214857269629,5594.606574999122,36376.997465862645,0
45,34135.14138319629,850,4,2.3821482966121366,6474.534292166231,21709.228886014585,0
36,36070.200267717555,799,1,5.387407934871335,11870.680449501346,2127.1063944516336,0
22,40035.07284748284,790,5,5.63461286643855,4305.909900201609,10221.660490269736,0
64,23317.458323048057,647,2,2.214169564643941,12951.301346163254,31153.464349725982,0
37,20000.0,753,3,7.223790185800496,3054.9715783135657,0.0,0
25,20000.0,674,2,4.744199248362405,0.0,17604.45074137,1
42,20130.22158708874,677,10,4.794340499216197,7151.619549327161,26327.148933075234,0
46,52469.07732310117,739,4,3.6496354953118257,6771.612126588653,20370.628341678843,0
18,20002.501521855793,637,3,0.1383017657181955,8168.357735511343,13435.038883203273,1
50,29289.90596428233,850,4,5.980584834668489,6208.65290730936,0.0,0
29,52180.996490316465,681,5,3.3075620437402433,5633.411766162876,15250.930960632293,0
71,54555.04042403644,761,3,0.010698000306536911,15394.881860211332,18086.000637241414,0
52,20000.0,846,1,2.9815126328454324,253.20685797231272,16969.951882462476,1
38,80626.98486631605,803,2,2.645466370076525,243.12101266045647,52079.11078356783,0
33,89718.0337752088,554,3,4.049717059284395,17051.481049886424,55395.29363513008,1
43,20000.0,743,2,1.1452837861171237,4584.653173196655,24122.135486955944,0
54,20000.0,784,4,5.739936501878489,9346.967857439418,2671.61484324129,1
44,94532.06425150331,788,5,9.550598503464297,8737.952317583728,12155.449218619331,0
41,31557.92776303299,584,0,8.057506890845675,3157.63643402448,54106.21163708196,1
45,20000.0,630,2,13.189968178766561,963.7869534545055,21289.992841312134,0
35,20000.0,799,3,4.872110441321315,7562.186583774588,18128.824584276415,1
39,29013.51129983527,620,4,5.929837750506068,7381.227500039524,32570.222365164627,1
18,20000.0,667,2,13.469076299074148,3895.4819161574073,33878.827474124366,1
59,25361.625616103676,850,0,4.520561362602094,4678.975576597228,17086.667564505016,1
49,36554.69441950321,693,2,9.79547767947743,0.0,28819.663076267934,0
33,118071.8687567714,623,1,4.618830787811957,20450.34052407027,60442.21027496005,0
73,28052.352869348793,608,4,4.380736445297136,7951.846621508853,44219.545068241365,1
46,85775.12076468143,731,1,11.56658528315774,23693.16349761097,32357.91768356545,1
29,114873.10150093534,562,2,1.5566112950796216,18483.23757954669,77404.47204219105,1
58,115397.03377489261,672,1,3.348339679025875,19381.124027840666,43689.00607118858,0
51,44958.66389895956,731,4,2.0559807954608322,8729.978696932036,25481.12782897364,0
50,20000.0,830,1,3.603668572766328,0.0,14177.634550320457,0
38,51941.65714172041,766,2,2.120998486053761,13643.779291876192,6678.329027066258,0
51,84093.78204794817,625,4,7.015299872613074,11488.823978281041,60532.0467589944,0
41,33307.07025970125,818,3,12.962701323921367,3678.8996882679935,17649.238887468164,1
53,148829.81835287277,667,9,12.51164999329083,20148.625588360756,94764.56064420869,0
18,72046.24765990916,571,1,3.6720921196785516,9750.162269889206,69458.47542776268,1
38,56725.786192236155,680,0,36.3553316287378,5460.923714711099,32999.28645951059,0
71,86754.03270041743,844,1,7.298452156243316,13243.281505315717,43959.653848377,0
33,46787.12223088613,714,2,4.129595669744613,6057.493839554012,35539.09596557026,0
35,20000.0,699,1,14.62117648666504,1873.2821006633042,22955.293118837282,1
38,23640.250308128812,850,0,10.60182115269649,5807.742312855175,0.0,0
26,95004.33321607552,552,5,11.205539201415519,13687.1289583053,42235.19819476554,1
18,20000.0,566,5,1.7684676976544023,0.0,33676.57656614626,1
41,29636.220142038914,533,7,5.116944764297075,255.01382579854044,34607.78464793384,1
47,20000.0,736,2,16.03198121335879,3301.848500755831,19268.93009292967,0
44,153709.00685929987,714,4,5.680173466164439,17711.43858121368,71901.78426474723,0
42,141325.8950902736,850,6,9.317290183125108,15610.705377181512,49807.083275723635,0
45,20000.0,722,3,7.18122591337348,0.0,11241.881954298395,0
60,40166.32995389623,656,7,14.964109691251995,6923.708329181931,40094.80621058865,0
42,20373.593006592124,698,3,2.712355589186093,8939.369623048076,11481.059299338433,0
36,58938.78276683518,710,4,6.939958797527971,10025.00889331407,19161.39643214088,0
40,54064.88202808597,527,2,1.0652788128002098,12091.87421731169,51225.513878705686,1
53,69258.32051844854,850,3,9.492091414508641,9340.685085081901,11776.986509069415,0
66,46731.47161750834,751,2,10.664851226151246,7267.754550002721,16707.299784871284,0
35,395154.88827496825,719,2,0.35463350070514227,63751.96226962368,137571.43265331065,0
46,20000.0,760,5,9.123571057622698,7026.395436795747,21327.863648278442,1
50,20000.0,770,2,4.338472759834376,7578.836330185108,9847.582056009966,0
29,25788.03839821336,683,3,1.0732482449526073,2262.8817610507076,7268.521654559674,1
45,20000.0,633,4,4.410999079760082,2773.1343390723273,19567.344437316937,0
22,20000.0,759,1,1.7492806405065497,4868.888731719446,34527.19570368505,1
18,20000.0,737,1,4.350512872446522,0.0,26732.712232994018,1
50,20000.0,615,3,3.928976579864903,0.0,43350.62770040684,1
39,20000.0,842,3,10.86134419719092,4821.981555307117,9195.45239799912,0
48,54444.63209378752,727,3,12.054213709686925,12525.217582184883,24262.25108098172,0
44,23503.978176460743,772,3,7.565550511697465,3572.0858890599366,23693.11785836688,0
30,30723.95887552319,839,1,0.18588000115218,1262.226294426709,23062.706165573727,1
44,74107.4150990536,700,3,21.65917086404392,8688.487772109358,31297.783046710807,0
26,20000.0,730,3,9.38875454535694,0.0,10285.311009624056,1
66,28654.688695957117,780,0,0.2818297342501996,2312.203881885745,0.0,1
24,48046.43358256375,624,2,13.837517265282033,1039.5681854748982,28549.530678316074,1
42,20000.0,703,1,1.8101580305380915,0.0,27028.972538705966,1
29,20000.0,710,3,7.011748591596398,0.0,13438.138977641476,1
53,47278.74981674378,600,2,5.091239649790735,86.04005870764468,47714.48396675836,1
39,53287.21485889169,850,1,4.410038946133193,2339.2367139767593,35518.476929670665,0
37,193427.9770582888,554,3,17.857873571922827,30307.29183231684,85355.28300407667,1
57,40523.51890343592,565,3,4.658452418452416,3073.365028786375,39515.86892071786,0
45,69716.10056610429,832,4,0.6345024004399716,4109.835425660804,27577.50674080627,0
52,30324.535983962982,770,1,23.738427201414595,8090.906801866712,10775.2102351783,1
30,45420.84055212452,593,1,20.51277627792541,7016.675427138108,31755.373624800483,1
23,139685.76040481112,759,7,9.342404523701088,7501.3122026525125,43128.292077046,1
46,20000.0,847,1,5.110369341551777,7877.684145504441,0.0,1
40,49969.36173079659,694,5,0.7894090285006703,7363.28494220744,38956.94077971379,0
54,205085.26914010025,850,0,12.670154284930097,32640.844717891763,54409.61252248191,0
43,44858.486075797315,522,7,0.6356745477538134,5131.554124970819,56489.10760138006,1
48,137787.7628408424,768,3,0.5756467975439196,27474.209010111204,53393.137742561994,0
20,21248.594635931284,816,1,6.243946576851756,1027.1711673878017,9261.730013880207,1
73,34673.155672025154,788,4,1.413499132056839,0.0,24389.423581121322,0
42,36588.5363540964,677,5,0.06285843594935732,586.6067318267533,17941.367440005597,0
55,20000.0,668,2,4.455887916445478,5360.909559435633,15675.876367352786,1
32,20000.0,743,1,1.195497924825594,3611.3412818037186,23564.69438328457,1
49,20000.0,781,2,1.4172340372111674,2175.177376791492,0.0,1
25,69849.21903258025,759,6,0.648236787793549,4748.321700948635,29323.307558512177,0
51,72777.74934931002,804,1,1.859201914002124,10282.822758454762,31636.670963011744,0
39,46430.40867890883,594,4,10.181428000719173,6426.941588137043,51923.82232910826,1
45,69965.97807778693,674,4,13.406320796157305,9669.526677237487,52996.02623257184,1
55,31113.51225830339,602,2,4.879879582637783,7098.009318992148,31997.998812212038,1
26,95376.16362365012,658,1,5.721365951226171,14279.684273768486,54331.80604138619,1
34,35853.860425795276,801,0,0.2689208860835045,3732.832512631092,6995.247913593217,1
51,37326.115902891856,709,2,0.5818696571137562,112.5754914173258,20119.01193385244,0
76,28630.104288763057,850,4,2.412371366237527,10944.190480295309,22252.867482983143,0
42,62395.55960578868,717,4,6.3588218347197945,18841.545498332303,30721.688307470384,0
53,25200.445965269086,704,3,10.897325161565703,12423.532530357183,23244.842500602404,1
43,79274.65356075192,708,5,7.5239058411047255,14663.764020900577,26367.65988381666,0
74,20000.0,632,5,4.032104726187826,0.0,31474.18507967725,0
18,20000.0,692,2,1.0200388336439281,0.0,28975.35370542627,0
46,62548.02490914131,813,2,12.292953884738386,5959.766752726528,29139.760841698735,0
20,33103.481729706866,709,4,3.6629850403667765,4355.254507167011,11062.126135329761,1
18,24533.849095798185,617,1,10.789287456371632,2946.020761544384,40148.24853955398,1
49,73854.1396057224,603,4,5.827526459765673,11327.713891448102,35443.07375125708,0
47,21634.52377108733,652,5,10.869721251676824,0.0,25408.578902927457,1
40,30207.181450670367,705,3,19.264021077188012,12426.844073208738,6465.267082680319,1
43,112124.6994714574,819,3,20.563317049830374,23374.175241976747,33723.58559842774,0
90,125755.73880799154,561,4,6.20417502681506,10917.8985843274,54554.58227907084,1
41,129232.2603690892,665,1,5.803106741218788,8598.64445804809,51029.012478353834,0
52,28244.580089079594,712,3,2.5013471359503288,3496.5399987940623,22326.0147106148,1
35,97653.0707289358,510,4,22.240570497496126,20108.091431782825,70077.08354150361,1
49,20000.0,612,3,4.959955220300465,2635.8791178420233,37211.6153602614,1
41,20000.0,628,1,1.1056273412443278,4125.7720633755835,3715.5778701031995,1
38,20000.0,616,4,4.591692990788608,557.4710417747074,35650.84638596844,1
72,140329.9796257151,717,2,1.1006338468968644,20392.220271038015,55833.71343107537,0
62,20000.0,681,4,5.655609632019921,7616.833374212363,16647.93253812967,1
47,32088.18858678478,641,1,6.673457641232949,6594.103348349781,20807.4202037863,1
18,20000.0,741,4,3.3381788910334116,5735.094511559089,15845.232997753665,1
39,62946.18938410065,850,2,0.6022117025103616,329.9706696526937,20606.494714107066,0
86,26159.832384016296,850,4,23.275975484974747,14567.616347701933,11440.750670633286,0
41,20000.0,501,2,12.02333251311368,0.0,37989.641090975296,1
61,51131.87213665095,756,7,14.787461705607853,7956.214403276537,0.0,0
66,20000.0,679,3,3.702323461270067,2032.7164941174274,17505.906925445164,1
48,20000.0,713,2,11.587738414805411,2254.7769005372115,7152.338111231513,1
32,20000.0,657,2,5.3809329418644,7236.110975119667,45677.25387886673,1
18,20000.0,709,3,1.8184405213548833,0.0,20222.990207277653,1
55,41208.25664114789,713,2,1.0762681559680674,3562.347027281567,32935.818557342165,0
32,20000.0,638,0,3.4279014465444213,0.0,33054.29635625783,1
47,20000.0,606,0,1.1986424631286814,8523.01013711704,32877.35045480981,1
26,35527.328235791494,652,4,40.0,6330.861600452718,25461.50546540643,1
40,22793.765742433818,721,3,0.40856370908711487,6440.939469852869,13705.135715241298,1
45,182311.13537353947,759,2,4.713088072484004,29664.676600729013,41178.17555493659,0
49,160138.63178783888,785,0,4.873370409947387,32575.61352942806,54260.573196914636,0
28,20000.0,647,3,2.896382664952155,12066.423708549924,28757.885556970432,1
63,56210.16250866999,726,9,6.861657391735835,9516.935032529434,27965.08269629558,0
35,65802.40696378774,796,3,1.3161843855704536,10017.946733470384,25837.601080392218,0
19,21808.767273101224,816,5,12.409777595774939,339.30388142889024,0.0,0
43,20000.0,691,7,3.2735142931237444,6595.204672362666,18382.717397544468,1
45,35239.23147744903,675,4,7.248512624702481,8539.768497549116,20740.86843188598,0
47,30892.43301506425,717,4,10.185843566540983,605.0448168211065,28775.865913845737,0
65,24901.245778942117,580,1,17.8086971654322,7157.067462555089,34099.401423892756,1
41,51159.31324310884,678,2,14.633407926731579,12304.911771874706,25166.111920744494,0
43,20000.0,773,3,7.591984905441718,0.0,11714.500977403313,0
28,20000.0,763,4,3.9824918017572766,3768.5612516925685,3722.848307646045,1
57,38927.18137859859,670,2,5.666574904623701,5114.587776806395,25581.49630601383,0
47,48849.30723548887,720,2,11.859940185756198,6811.431829236594,32849.706107444275,0
38,20000.0,613,0,17.010130362362947,0.0,15436.592290079798,1
18,76193.7182804899,769,2,0.887529246299516,1351.6861877094998,29410.38095231737,0
66,20000.0,690,2,3.935784483578283,0.0,13830.66387946183,1
26,22157.846662130836,669,2,12.122702119374926,0.0,10581.642586169737,1
36,28808.708541163545,661,4,4.576669728223191,5834.656840251858,45902.52018968501,0
50,21126.776759040615,691,2,3.2708458348404026,4842.26563947945,34497.26024370232,0
26,22396.285802089656,652,4,4.292004654446795,4729.700386075561,19798.676981387955,1
22,165095.78101989723,765,3,7.479766870567147,15990.082909322166,53252.13170913471,1
18,20000.0,657,1,40.0,0.0,4087.092746125323,1
55,263498.19910576404,850,3,5.501757676435113,33744.717180908,60171.10824309339,0
36,50942.0483816793,847,6,1.8939291956067947,7249.916137521414,3561.304278965863,0
89,38387.425061790476,607,4,1.4397581694904875,3665.1910274777265,34603.78652108328,1
29,52602.40340424627,705,2,0.35050845319511287,8948.595884374901,28294.537566933475,0
30,283379.07115793653,631,6,6.6281980543878065,44647.96857747242,107025.49449135913,1
36,20000.0,664,3,6.3707945341214085,0.0,30949.798122515946,0
48,20000.0,850,2,1.860630386710973,0.0,8635.6947058423,0
37,20000.0,666,5,9.627045268107786,3490.335929070307,12801.639950794986,1
54,36547.10956971756,734,4,10.945858785926864,4698.239094583752,25271.70080428316,0
30,20000.0,753,2,2.429086266127592,6591.154163685262,21786.58847525123,1
23,36254.47773002325,595,4,3.4161473054269074,5114.267847071373,31145.618207698266,1
18,142729.80542708508,610,2,37.69323707881734,28858.831031962618,46078.14265151916,1
18,40301.90673392072,574,1,3.797502505005285,0.0,50813.057348964525,1
37,28001.067785881733,607,3,11.586744191603676,8205.255475840258,32835.11806245117,1
40,21442.03297060057,407,2,4.882717585747808,4018.4482160203925,21349.234381890194,1
35,74367.89417149276,753,3,12.771300049704221,3256.199742168533,52189.27077537829,0
63,20000.0,850,5,11.87004921192417,0.0,916.6223053346866,1
63,161788.41088895095,713,3,8.925274300297033,16912.780284891865,85222.6756670044,0
39,173746.91243758862,553,2,15.628901865867517,30490.91506977348,83341.72114148022,0
18,43938.03631976079,632,0,22.683804799659278,11737.006020001225,32038.69784700465,1
36,35261.874888404884,651,2,7.026432927799976,4280.534810849328,31600.609905571935,0
35,82879.33574140593,594,2,2.196007150745147,9755.5147879845,41888.43585014046,1
35,87354.93159388666,785,5,4.119199649684046,7863.595740376008,32328.296217298706,0
34,20000.0,780,1,11.502661206365884,1844.314471281813,33168.33045872354,1
35,23114.716944818072,580,1,8.524031427763319,817.8357762330875,23997.319125439557,1
39,20000.0,771,2,1.5857336287953898,11520.704460097966,18982.320031138843,0
35,49783.21955155319,850,2,0.4260513047186393,663.2171764589039,7095.5934537362,0
48,61490.30901798048,850,3,9.304732087041943,10610.07555330603,16117.763574285216,0
50,20000.0,850,1,2.341886637333923,11761.063841808947,25961.425405582177,1
31,24507.55945318076,605,2,5.6091518717470965,7381.430684139814,36487.10273822347,1
64,20000.0,850,1,11.12425967244998,0.0,13405.869939430566,1
30,20000.0,661,0,6.699184856226131,0.0,25044.6332397333,1
20,55928.75845558656,637,4,0.7045204380340206,9229.47232954914,64587.32478870476,1
50,20000.0,731,2,1.6627628667834418,3567.6683484003497,7775.684800074279,1
32,27814.777301321286,638,3,2.0055634626059033,10179.355218143053,12732.691960500311,1
49,20000.0,738,4,2.415607158414913,5597.084028290574,33973.32835538252,0
18,41495.15581159743,563,4,6.75002982923085,3336.63820036243,36267.44298914937,1
66,34327.28773764067,673,6,5.678993935031394,1986.9751673693258,31485.55594751969,1
55,20000.0,829,3,1.8395215126433242,0.0,25364.856687754433,1
22,30485.555977039316,692,4,0.5665540346634639,4927.73596201223,28645.11137091196,1
22,41267.96458351047,712,1,1.523258591409695,0.0,48246.05610169178,0
70,20000.0,746,4,33.69022609792503,7440.950772732072,17381.19780061608,1
33,20000.0,817,5,5.120337398847008,5804.691577216208,1811.1059871138323,1
32,156462.40474048175,529,0,16.36205921553858,24747.76226607809,52826.56879970259,1
18,21177.961798039363,757,1,15.299583675143914,0.0,18321.192895121592,1
39,32881.212183547104,670,5,5.803292336794484,3838.5563600348996,4364.00425747599,1
41,81543.22956519705,714,5,9.934790908727306,9430.59347328438,40286.86193360296,0
55,500000.0,806,5,1.7344073143239083,70524.31256074307,164199.289383755,0
23,20000.0,576,3,9.444797561854907,5495.415692110341,32477.98099116726,1
21,51475.3491746273,594,3,2.5756593725552763,4587.203927227576,41954.93544770456,1
51,20000.0,500,5,14.451704030689164,372.4840259413636,49439.77990413751,1
60,22883.970133165498,641,4,0.7082461388579624,6671.3877849732935,33947.60062288925,1
21,20000.0,833,2,12.01567236971483,0.0,19303.08459198232,1
61,20000.0,685,1,0.852852355848944,0.0,21774.378023295154,0
45,34411.327719809786,561,3,17.254808548759573,4847.3537241469785,15339.705753841878,1
61,20000.0,648,3,2.937866028769178,7388.573902450624,37591.38045619743,1
43,77372.15223093284,546,5,8.605877750332526,5891.350146444654,49794.14489599464,1
18,37238.647324630314,583,5,5.41451801394925,14340.8754723898,28002.950381725816,1
42,50332.01716660341,737,4,3.6950951465608712,158.10232137978073,29096.825970558868,0
61,24287.70023956614,578,2,8.398751207974831,11306.700036339942,35602.15964574095,1
31,26341.285387779517,811,1,23.873777432995976,9805.689714155502,3816.4556359475146,1
39,45062.35166395295,690,4,0.34137874046098304,0.0,15635.120743369082,0
42,20000.0,706,2,20.34307854411134,0.0,24689.836653525545,0
18,26541.049303392214,669,2,7.607978275133709,7387.054163595751,16766.213249637156,1
70,20000.0,776,3,13.338228843260627,875.2539562385248,14218.711446386525,1
31,20000.0,777,1,3.9228732408636575,0.0,16763.142625533284,1
52,20000.0,732,3,5.170729311122518,12039.676165805635,27239.396759329335,0
43,106750.30661662164,755,3,16.45449637100283,8856.140481309327,61882.445662887854,0
64,20272.85792621332,676,10,4.340657037256184,0.0,25350.66265161358,0
51,92407.95668520128,753,2,6.196386816608475,9834.282539129399,31965.620442000014,0
41,85511.80397162135,663,2,0.1652531884801831,0.0,60040.46940326699,0
31,20000.0,698,3,1.3987544759878807,3265.9755714439248,31386.545834251396,1
57,20000.0,669,9,8.313410697683267,0.0,25255.506883387494,0
18,290573.67183113034,651,3,10.224036780197572,44814.04824198991,106180.53168172293,0
54,149605.8237208703,627,2,7.077071482262058,25745.255208016624,65514.18846529427,0
28,34688.19891098488,745,2,1.2529014804861267,6038.12494863026,22004.13503255894,1
64,43960.46328565687,831,2,4.775095266406848,7394.002671225571,13571.507766085804,0
47,21220.13872440679,817,2,3.5530803703569553,3805.123904684956,0.0,1
54,50743.013664487335,569,2,5.544509130977386,3531.9605712206035,42343.983242995935,1
46,20000.0,829,4,16.54631608354194,0.0,25782.197014135872,0
18,20000.0,665,1,12.113475811699166,9548.457433652053,15606.37158991576,1
31,20000.0,759,0,0.71059236936594,6549.731365877076,11951.032541539047,1
55,36217.440126063535,605,2,17.901727056130923,6121.4852386243965,25415.481121780766,1
47,20000.0,712,7,5.16956653611442,5860.333164397044,31128.78941587021,1
62,33685.827494859164,729,2,11.032519811495973,4404.489852503535,30089.872093121012,1
51,20000.0,546,2,1.2220349190472468,3743.228523563002,22553.209232391047,1
30,20000.0,760,3,8.997847626141882,5832.036246967535,0.0,1
32,71653.37608441562,835,3,2.183875874616307,0.0,31079.63108859358,1
46,43605.302942595066,680,2,4.673144435471386,10726.050894229338,15645.013209074123,0
18,35315.42705557749,836,4,0.13775400368799917,9199.294915682094,20061.790685365268,1
70,73185.34375074401,678,5,1.3317663209986694,6264.43791185613,31571.404727994548,0
51,52791.160797669174,784,4,0.782456380312025,13735.685344072972,28866.433253979263,0
63,116562.38460386393,471,2,2.220212331089327,5010.428442771437,75475.07908203837,0
20,24414.082706760404,850,5,0.8535829886835602,5218.032311496594,1608.2520117265813,1
63,25026.719612515724,850,2,9.536643680151402,3707.3992831890937,0.0,0
78,20000.0,668,2,0.23870623429465215,1221.6975190328576,29509.12647148751,1
24,25040.149903424845,496,4,7.789410224501621,3604.3943566647768,34889.26912890611,1
56,78520.2092511799,727,4,1.2283349306389035,13964.75514263576,46136.459115818616,0
45,103361.68749378878,550,2,23.51723216827531,5262.238153805894,50884.92024440025,0
21,78233.2664172676,743,6,21.906188552220723,16057.576708891276,36747.22053322367,0
52,20000.0,739,3,2.069887162261076,707.6050868578368,12697.914039205396,1
57,86524.16987259849,601,7,7.719380609191885,17292.193307854654,49552.29319069202,0
35,20000.0,812,1,0.23008007268420733,6081.940156014709,2378.6246957674675,1
62,74343.84808139916,780,1,21.749656176095304,8209.681012590005,26597.930302424866,0
19,26328.74766232744,797,2,5.995718665154088,3281.4610712071544,0.0,1
22,63327.64973528696,698,0,0.35789925163481134,8760.915884776767,24969.209103166362,1
47,20000.0,553,4,3.396415084799268,10991.927941706033,28912.36082921635,1
45,93000.24986191484,797,5,0.647699985744633,7203.7614681408095,31430.93185818152,0
34,20000.0,670,2,4.042993167527243,565.8284304153335,36630.556040762036,1
57,20575.719058511266,556,1,8.978359495237815,0.0,27662.107263805156,1
53,20000.0,835,2,5.140831643976184,3431.932052743955,21692.648601377587,1
58,20000.0,850,9,3.920864956682118,0.0,0.0,0
43,38465.330397671576,693,3,1.0276950104096483,2824.0715707258737,15238.101781411211,0
54,156528.45235547566,850,2,2.2757500703719615,29485.904383020257,26174.24524416382,0
38,317065.06440976565,707,6,0.8547098691413302,40189.92445203815,112152.07207776626,0
76,38548.31796215897,659,5,13.345985545483435,4583.202069565033,30774.440944443235,0
32,88936.56533610247,633,1,1.1769548530607907,10112.257687486062,52642.473384146055,1
77,43058.61487608031,850,1,7.328803291326145,4009.471161634612,13829.529341750404,0
45,53588.202472622645,618,4,3.3993774617010475,21638.475354574533,38182.76764374112,1
24,26888.073583703084,772,0,2.074859379740165,0.0,18342.663491884006,0
65,41771.228948090014,640,1,8.263423814792027,9132.721622006882,54649.01494947875,0
46,55311.30172447248,651,1,4.9462667176329695,20123.18650176254,30708.107900660598,0
57,22151.55602233821,803,2,4.13965159894278,8604.555276997999,31984.037743217945,1
63,33404.79308099048,659,6,7.278486135860466,4916.076075132436,37099.493968450886,1
50,33931.10086462208,656,2,5.47424886670422,0.0,32577.03791653693,0
35,70098.08259412662,813,8,2.9294849888993557,16468.080666799113,29610.635366519164,0
59,20000.0,850,2,6.632680040511954,7580.464488288071,0.0,0
45,34123.28889440946,763,1,8.96786893321522,0.0,15752.785220224829,1
55,170730.99781014567,631,3,0.21915271292484279,22268.905420619183,64137.609070365186,0
18,92459.80838408376,645,2,5.079666012716623,6793.294047753318,68449.75638019145,0
51,107616.23735259514,706,2,0.48125214427847796,482.7210321236671,41838.44257028978,0
35,36316.7413788912,730,1,1.6709740187069904,0.0,21987.89524269127,0
70,46314.85366958242,597,4,6.659313221995542,7021.819567266531,37755.66147358747,1
54,80969.97263345947,771,3,16.29174294228338,14295.423972708035,17896.65911874881,0
48,127951.87993549003,706,1,17.365767068048864,16263.73472994065,45503.78457809045,0
52,20000.0,522,2,0.5873349730096885,9808.039501761019,46276.35869532692,1
29,20000.0,603,2,4.399801820150492,8050.143554994156,8261.570800628033,1
69,104166.3232984502,646,2,7.084945293029307,13944.369312508867,53376.028063293874,0
75,28366.119262687425,690,4,1.2885292586724668,2682.982989908328,14711.080739823348,1
50,20520.69058192594,850,8,11.74508649561249,4824.8687368827395,19210.173844989004,1
69,20000.0,722,5,11.04432760586882,2708.983310053205,22372.202025521867,0
36,22581.500875420243,612,2,18.92618540972031,0.0,14371.00284920947,1
32,20000.0,720,4,0.06903000863816434,1293.5518780850714,14295.31879158038,1
45,197737.8225365823,662,2,1.978177139179472,31077.687864285566,80394.28084430768,0
51,34947.50779436439,731,3,14.219902677347775,11597.826441799705,18696.445817046148,0
39,33944.44700714838,757,3,8.994417397450507,9649.058454709368,20438.117027934586,0
53,57654.459281220894,821,6,18.208806722392005,9776.568057259745,19365.57822870065,0
49,78364.24462071268,695,7,0.4769241793646888,18403.589623469066,46757.20601635658,0
29,77313.84209788835,850,3,7.360707378090268,12986.091400826734,26904.585109980202,1
52,85851.1270186043,790,3,6.818217582638521,11567.552519735249,30285.101301841125,0
58,21220.153552369935,625,2,0.2942430221358076,10512.250494302503,28386.605460050832,0
47,27882.351918295015,850,2,5.83656643530704,7576.848428608455,0.0,0
62,66876.70354625137,731,1,7.617072529688553,16002.95427464451,46023.54053587492,0
26,23098.916010478424,612,4,1.7197824295145725,0.0,60237.26706012829,1
